painting_id,figure_id,centroid_x,centroid_y,mask_area,bbox_x1,bbox_y1,bbox_x2,bbox_y2,iso_nearest_centroid_norm,elev_bbox_top,sal_sum,sal_high_coverage_50
115394_Adoration_of_the_Magi,fig_001,744.4705861862768,2011.4644671376902,344498,240,1528,1147,2367,0.1624652689863275,0.5505882352941176,320149.34375,0.9421331909038659
115394_Adoration_of_the_Magi,fig_002,995.1311529559024,1296.5920919305008,402652,616,811,1377,1784,0.17838367123593243,0.7614705882352941,265044.625,0.6803666689846319
115394_Adoration_of_the_Magi,fig_003,1384.1779083245142,1895.1684988805137,138903,1131,1576,1568,2188,0.11970209452886185,0.5364705882352941,115417.296875,0.9818866403173437
115394_Adoration_of_the_Magi,fig_004,1575.7815948492673,2334.234948526206,1491050,721,1014,2041,3266,0.11970209452886185,0.701764705882353,1251539.125,0.8932638073840582
