painting_id,figure_id,centroid_x,centroid_y,mask_area,bbox_x1,bbox_y1,bbox_x2,bbox_y2,iso_nearest_centroid_norm,elev_bbox_top,sal_sum,sal_high_coverage_50
119698_The_Crucifixion,fig_001,194.57760302652932,1249.3660885924546,487423,0,433,455,2288,0.2324498565391558,0.8726470588235294,10805.6982421875,0.0
119698_The_Crucifixion,fig_002,438.75128788347075,2883.363006601549,954473,0,2030,1257,3399,0.22962685520782816,0.40294117647058825,15328.3349609375,0.002167688347391702
119698_The_Crucifixion,fig_003,1036.3778651234104,1967.8637871572955,1035732,527,915,1403,3188,0.22962685520782816,0.7308823529411765,429240.5,0.26035402980693845
119698_The_Crucifixion,fig_004,1702.9939034439067,1056.8797318671063,934462,596,162,2884,2504,0.23709119329085557,0.9523529411764706,924370.0625,0.9990946662357592
