painting_id,figure_id,centroid_x,centroid_y,mask_area,bbox_x1,bbox_y1,bbox_x2,bbox_y2,iso_nearest_centroid_norm,elev_bbox_top,sal_sum,sal_high_coverage_50
136507_The_Trinity,fig_001,183.82542450187003,2901.9521065457343,383685,0,2092,570,3399,0.3627018710900291,0.38470588235294123,4909.1337890625,0.0
136507_The_Trinity,fig_002,187.61730219540587,578.8377809363342,318711,0,64,436,1161,0.4045853741194872,0.9811764705882353,356.85101318359375,0.0
136507_The_Trinity,fig_003,1418.8849382157484,1877.76042664332,680756,446,1067,2495,3217,0.3611249445591662,0.6861764705882353,657901.125,0.9940815798905922
136507_The_Trinity,fig_004,2659.308013473314,550.2721589772351,304899,2451,50,2829,1120,0.41070623858145694,0.9852941176470589,255.0431365966797,0.0
136507_The_Trinity,fig_005,2685.4193810120532,2851.359285269962,332769,2417,2143,2829,3399,0.3611249445591662,0.3697058823529412,1738.8040771484375,0.0
