painting_id,figure_id,centroid_x,centroid_y,mask_area,bbox_x1,bbox_y1,bbox_x2,bbox_y2,iso_nearest_centroid_norm,elev_bbox_top,sal_sum,sal_high_coverage_50
143644_Adoration_of_the_Shepherds,fig_001,302.71245812181104,1881.0373822121617,1006789,0,777,907,2849,0.18312723745499976,0.7325301204819277,956824.1875,0.9661160382165479
143644_Adoration_of_the_Shepherds,fig_002,1030.1407219146658,1504.836470732883,618134,492,834,1495,2291,0.18312723745499976,0.7129087779690189,603231.3125,0.9815654858008134
143644_Adoration_of_the_Shepherds,fig_003,1140.9519694020926,252.75398692087035,325251,665,0,1670,608,0.21465472920392126,1.0,0.0,0.0
143644_Adoration_of_the_Shepherds,fig_004,1831.342654911376,919.723875309954,152442,1622,595,2112,1227,0.18668170413875232,0.7951807228915663,115904.3515625,0.8825258130961283
143644_Adoration_of_the_Shepherds,fig_005,1861.4705327409283,1932.5272716316845,1062111,1242,1122,2483,2729,0.17495938218457613,0.6137693631669535,1048988.75,1.0
143644_Adoration_of_the_Shepherds,fig_006,2476.782020093718,1449.2285686496775,863653,1876,697,2938,2454,0.13326975577040462,0.7600688468158348,436223.34375,0.5238110676394339
143644_Adoration_of_the_Shepherds,fig_007,3072.660358772544,1437.9040488664623,621285,2677,635,3399,2373,0.13326975577040462,0.7814113597246127,3180.06591796875,0.0
143644_Adoration_of_the_Shepherds,fig_008,3153.218968027174,658.4955087076077,185470,2908,328,3334,1002,0.1752137686321622,0.887091222030981,1594.156982421875,0.0
143644_Adoration_of_the_Shepherds,fig_009,3160.6363749503053,2617.093868943702,289265,2736,2049,3399,2893,0.26441412388093866,0.29466437177280547,0.058823537081480026,0.0
