painting_id,figure_id,centroid_x,centroid_y,mask_area,bbox_x1,bbox_y1,bbox_x2,bbox_y2,iso_nearest_centroid_norm,elev_bbox_top,sal_sum,sal_high_coverage_50
97142_Adoration_of_the_Shepherds,fig_001,486.4947641964696,2159.434539081468,1364547,50,942,971,3287,0.19184190593208778,0.7229411764705882,1097082.25,0.8146241939632713
97142_Adoration_of_the_Shepherds,fig_002,1393.9044200017074,2146.2166452796314,1546108,895,939,1854,3229,0.16106108952117137,0.7238235294117648,1537515.125,0.9994534663813912
97142_Adoration_of_the_Shepherds,fig_003,2155.7579567471403,2138.020413302698,738587,1846,1259,2509,3088,0.13992265254646954,0.6297058823529411,713545.75,0.9994557174713338
97142_Adoration_of_the_Shepherds,fig_004,2813.7652096197867,2209.7237204021676,1196118,2264,1146,3248,3218,0.13992265254646954,0.6629411764705883,1151741.125,0.9993830040179982
