painting_id,figure_id,centroid_x,centroid_y,mask_area,bbox_x1,bbox_y1,bbox_x2,bbox_y2,iso_nearest_centroid_norm,elev_bbox_top,sal_sum,sal_high_coverage_50
97160_Virgin_and_Child_with_Angels,fig_001,424.4017905585952,2754.553845527421,982375,0,1850,1348,3399,0.2649455777464606,0.4558823529411765,709298.125,0.9317551851380583
97160_Virgin_and_Child_with_Angels,fig_002,1104.0307039009037,1310.5773645484385,2370220,97,70,2177,2392,0.2530834204589417,0.9794117647058823,1600036.5,0.6406920032739577
97160_Virgin_and_Child_with_Angels,fig_003,1442.863803686091,2314.674392522327,720438,661,1702,2075,2768,0.15521679123477589,0.49941176470588233,681302.0,1.0
97160_Virgin_and_Child_with_Angels,fig_004,1816.1309605504507,2846.731123895343,1479079,596,1771,2443,3399,0.15521679123477589,0.47911764705882354,1379236.25,0.9752007837309569
97160_Virgin_and_Child_with_Angels,fig_005,2178.7361807540665,621.367417497392,317293,1851,270,2443,1147,0.30490482451044065,0.9205882352941177,0.08627451956272125,0.0
