painting_id,figure_id,centroid_x,centroid_y,mask_area,bbox_x1,bbox_y1,bbox_x2,bbox_y2,iso_nearest_centroid_norm,elev_bbox_top,sal_sum,sal_high_coverage_50
met_436100_The_Nativity,fig_001,128.14103007258902,279.5532319391635,5786,89,203,158,372,0.1544377341966866,0.6746794871794872,117.52157592773438,0.0
met_436100_The_Nativity,fig_002,177.44492200705076,396.18143622929443,20707,102,263,237,505,0.09479773280139256,0.578525641025641,19780.234375,0.9963780364128073
met_436100_The_Nativity,fig_003,244.5058075221239,243.9941924778761,3616,217,192,269,299,0.07971601340217203,0.6923076923076923,2903.98828125,0.9103982300884956
met_436100_The_Nativity,fig_004,249.55790960451978,415.6246468926554,2832,226,365,268,458,0.04305412969416136,0.41506410256410253,1804.2196044921875,0.868997175141243
met_436100_The_Nativity,fig_005,282.83339701948796,409.0385938097058,2617,267,361,301,455,0.04305412969416136,0.4214743589743589,1300.7529296875,0.5093618647306075
met_436100_The_Nativity,fig_006,306.92647591452373,237.04998189061934,2761,282,197,345,275,0.07971601340217203,0.6842948717948718,2007.070556640625,0.7892068091271278
met_436100_The_Nativity,fig_007,336.5797868430724,386.47115031238513,13605,285,260,389,513,0.07398702510705259,0.5833333333333333,5738.31005859375,0.20962881293642044
