painting_id,figure_id,centroid_x,centroid_y,mask_area,bbox_x1,bbox_y1,bbox_x2,bbox_y2,iso_nearest_centroid_norm,elev_bbox_top,sal_sum,sal_high_coverage_50
met_435724_The_Adoration_of_the_Magi,fig_001,27.128623188405797,326.06702898550725,552,22,302,35,353,0.240771688920848,0.5167999999999999,0.0,0.0
met_435724_The_Adoration_of_the_Magi,fig_002,104.50715127040215,502.56133266027257,11886,22,409,176,573,0.23261153472659954,0.3456,10950.6826171875,0.9634864546525324
met_435724_The_Adoration_of_the_Magi,fig_003,227.21137605563834,334.3976651763537,4026,204,267,253,415,0.03935257604744185,0.5728,2499.807861328125,0.8626428216592151
met_435724_The_Adoration_of_the_Magi,fig_004,247.80275340149745,383.6942275179132,12421,188,267,326,457,0.05160766013497698,0.5728,8232.03515625,0.8794783028741647
met_435724_The_Adoration_of_the_Magi,fig_005,257.3620981387479,343.5093062605753,1182,231,313,280,375,0.03935257604744185,0.4992,526.501953125,0.3494077834179357
met_435724_The_Adoration_of_the_Magi,fig_006,334.0705962988348,249.96024674434545,1459,310,220,353,293,0.1511484244277159,0.648,0.19607843458652496,0.0
met_435724_The_Adoration_of_the_Magi,fig_007,340.6882966396292,513.4589803012747,8630,294,423,382,591,0.1993809549632565,0.32320000000000004,607.61962890625,0.0
