painting_id,figure_id,centroid_x,centroid_y,mask_area,bbox_x1,bbox_y1,bbox_x2,bbox_y2,iso_nearest_centroid_norm,elev_bbox_top,sal_sum,sal_high_coverage_50
met_209276_Judgment_of_Paris,fig_001,170.88590735481344,217.24630300656156,10211,115,125,253,322,0.1201242701636763,0.6851385390428212,10090.263671875,1.0
met_209276_Judgment_of_Paris,fig_002,232.31606922126082,156.59938195302843,8090,192,68,279,298,0.1201242701636763,0.8287153652392947,7885.03515625,1.0
met_209276_Judgment_of_Paris,fig_003,338.81616399007703,178.32066849458153,7659,309,70,374,300,0.0816047717713185,0.8236775818639799,7620.7333984375,1.0
met_209276_Judgment_of_Paris,fig_004,393.1643889722727,200.34836874950628,12659,340,75,431,324,0.0816047717713185,0.8110831234256927,12566.953125,1.0
met_209276_Judgment_of_Paris,fig_005,453.69828584665277,193.71971276349316,8634,418,86,500,320,0.08474022752937352,0.783375314861461,8498.4560546875,1.0
