painting_id,figure_id,centroid_x,centroid_y,mask_area,bbox_x1,bbox_y1,bbox_x2,bbox_y2,iso_nearest_centroid_norm,elev_bbox_top,sal_sum,sal_high_coverage_50
met_436803_The_Adoration_of_the_Magi,fig_001,27.641942771084338,221.54442771084337,5312,12,128,52,354,0.12059486336364324,0.6988235294117647,166.6117706298828,0.0
met_436803_The_Adoration_of_the_Magi,fig_002,83.50796210441443,290.275246926023,9922,28,193,140,397,0.12059486336364324,0.5458823529411765,1524.61962890625,0.039004233017536784
met_436803_The_Adoration_of_the_Magi,fig_003,180.0135551447936,198.04621072088725,11361,132,89,237,334,0.17174789771498683,0.7905882352941176,8692.326171875,0.8358419153243553
met_436803_The_Adoration_of_the_Magi,fig_004,299.7925664055035,158.4909229887254,10466,261,52,340,280,3.340002870936078e-05,0.8776470588235294,8653.505859375,0.8952799541372062
met_436803_The_Adoration_of_the_Magi,fig_005,299.80215176616207,158.46834237836808,10503,261,51,340,281,3.340002870936078e-05,0.88,8669.6123046875,0.8935542226030658
met_436803_The_Adoration_of_the_Magi,fig_006,299.89960761795385,158.61154177433247,10449,261,51,340,281,0.00021957191596901757,0.88,8645.478515625,0.895683797492583
met_436803_The_Adoration_of_the_Magi,fig_007,313.97837273991655,298.4341446453407,14380,219,186,387,364,0.1768763641613525,0.5623529411764706,2031.141357421875,0.0368567454798331
met_436803_The_Adoration_of_the_Magi,fig_008,433.14349654143496,246.70649667706496,14746,371,123,496,326,0.15009277785069275,0.7105882352941176,13806.16796875,0.9493421944934219
met_436803_The_Adoration_of_the_Magi,fig_009,517.608699736941,175.87053739195792,10644,462,74,570,274,0.15009277785069275,0.8258823529411765,9581.1767578125,0.9945509207065013
