painting_id,figure_id,centroid_x,centroid_y,mask_area,bbox_x1,bbox_y1,bbox_x2,bbox_y2,iso_nearest_centroid_norm,elev_bbox_top,sal_sum,sal_high_coverage_50
met_437212_The_Adoration_of_the_Magi,fig_001,82.1006729189848,415.8584750702061,18873,22,265,138,595,0.16788537704712128,0.5753205128205128,18047.63671875,0.9809251311397235
met_437212_The_Adoration_of_the_Magi,fig_002,165.68653421633553,311.4826490066225,11325,118,215,207,433,0.0002571438558874848,0.655448717948718,2276.294189453125,0.08150110375275939
met_437212_The_Adoration_of_the_Magi,fig_003,165.85476846502533,311.36583414807575,11251,118,215,207,433,0.0002571438558874848,0.655448717948718,2262.184326171875,0.08132610434628033
met_437212_The_Adoration_of_the_Magi,fig_004,235.42171387934098,415.5477657935285,16874,147,280,308,507,0.1572768294108168,0.5512820512820513,1946.788330078125,0.021156809292402514
met_437212_The_Adoration_of_the_Magi,fig_005,408.94446771587576,345.39877924720247,16711,313,218,472,482,0.11020164103449485,0.6506410256410257,9361.3564453125,0.4976362874753157
met_437212_The_Adoration_of_the_Magi,fig_006,458.9192869522159,273.2396632829908,4039,433,211,482,345,0.05350178578104876,0.6618589743589743,352.2705993652344,0.02475860361475613
met_437212_The_Adoration_of_the_Magi,fig_007,474.529296875,233.587890625,512,464,217,482,256,0.05350178578104876,0.6522435897435898,15.470588684082031,0.0
