painting_id,figure_id,centroid_x,centroid_y,mask_area,bbox_x1,bbox_y1,bbox_x2,bbox_y2,iso_nearest_centroid_norm,elev_bbox_top,sal_sum,sal_high_coverage_50
met_436477_The_Nativity,fig_001,190.65133347481608,418.3895727221279,56544,10,181,298,579,0.30372541393624247,0.7023026315789473,53324.015625,0.9971172891907187
met_436477_The_Nativity,fig_002,383.8992810681274,245.60215679561793,29210,319,62,462,490,0.20816121968321274,0.8980263157894737,28221.140625,0.9986990756590208
met_436477_The_Nativity,fig_003,495.3507358157641,383.96312735342804,54973,370,190,594,554,0.20816121968321274,0.6875,54297.70703125,0.9999454277554436
