painting_id,figure_id,centroid_x,centroid_y,mask_area,bbox_x1,bbox_y1,bbox_x2,bbox_y2,iso_nearest_centroid_norm,elev_bbox_top,sal_sum,sal_high_coverage_50
met_435584_The_Nativity,fig_001,211.99891610665512,188.65543030565792,9226,139,93,267,254,0.2621217386627127,0.6450381679389313,8757.6787109375,0.9817905918057663
met_435584_The_Nativity,fig_002,288.1551622418879,35.13333333333333,1695,262,5,309,62,0.043817014339864215,0.9809160305343512,0.9764706492424011,0.0
met_435584_The_Nativity,fig_003,316.7551695616212,33.488833746898266,1209,303,4,333,60,0.043817014339864215,0.9847328244274809,0.46666669845581055,0.0
met_435584_The_Nativity,fig_004,391.51210271521785,182.45579877920437,9502,336,92,475,242,0.2549318459042378,0.6488549618320612,9013.6748046875,0.9746369185434646
met_435584_The_Nativity,fig_005,566.5002948113207,175.05601415094338,3392,522,127,597,214,0.26789005017421263,0.5152671755725191,0.0,0.0
