painting_id,figure_id,centroid_x,centroid_y,mask_area,bbox_x1,bbox_y1,bbox_x2,bbox_y2,iso_nearest_centroid_norm,elev_bbox_top,sal_sum,sal_high_coverage_50
met_435859_The_Adoration_of_the_Shepherds,fig_001,99.38234791524265,278.1208988380041,11704,22,180,159,335,0.13587646074230772,0.5121951219512195,10061.8828125,0.9291695146958305
met_435859_The_Adoration_of_the_Shepherds,fig_002,191.40840673430705,252.24818820381313,8969,146,178,238,322,0.13587646074230772,0.5176151761517616,8519.365234375,0.990522912253317
met_435859_The_Adoration_of_the_Shepherds,fig_003,313.9567859554355,256.7675315906241,10367,251,163,380,344,0.17430777537896835,0.5582655826558265,9160.96875,0.8934117874023343
met_435859_The_Adoration_of_the_Shepherds,fig_004,435.5386697602475,213.7308584686775,5172,397,144,471,292,0.18332279186377437,0.6097560975609756,4927.2080078125,0.9754447022428461
