painting_id,figure_id,centroid_x,centroid_y,mask_area,bbox_x1,bbox_y1,bbox_x2,bbox_y2,iso_nearest_centroid_norm,elev_bbox_top,sal_sum,sal_high_coverage_50
met_436570_The_Adoration_of_the_Shepherds,fig_001,72.92970487913392,253.0090464185081,6743,23,179,151,382,0.14184061146321997,0.7131410256410257,4911.015625,0.8734984428296011
met_436570_The_Adoration_of_the_Shepherds,fig_002,176.73044269254095,272.8035172832019,3298,155,216,202,325,0.10853872531852894,0.6538461538461539,3079.7451171875,1.0
met_436570_The_Adoration_of_the_Shepherds,fig_003,249.94305935338588,307.1323789609136,6217,209,231,286,391,0.10853872531852894,0.6298076923076923,4516.3173828125,0.9277786713849123
