painting_id,figure_id,centroid_x,centroid_y,mask_area,bbox_x1,bbox_y1,bbox_x2,bbox_y2,iso_nearest_centroid_norm,elev_bbox_top,sal_sum,sal_high_coverage_50
met_437231_The_Adoration_of_the_Shepherds,fig_001,149.45375722543352,242.11282792352156,8996,115,123,217,340,0.13643468956987145,0.6970443349753694,8740.8125,0.9952200978212539
met_437231_The_Adoration_of_the_Shepherds,fig_002,217.63872372053515,170.7124654916118,18836,169,28,287,310,0.13643468956987145,0.9310344827586207,17144.244140625,0.9438309619876831
met_437231_The_Adoration_of_the_Shepherds,fig_003,297.72592592592594,327.42345679012345,2430,249,298,339,352,0.1828981048318354,0.2660098522167488,2408.046875,0.9983539094650206
met_437231_The_Adoration_of_the_Shepherds,fig_004,373.2622467771639,218.74585635359117,2715,324,173,406,246,0.12843317861848377,0.5738916256157636,1890.64306640625,0.8162062615101289
met_437231_The_Adoration_of_the_Shepherds,fig_005,464.69049858889935,235.42847287550956,15945,402,121,560,333,0.10022744352238058,0.7019704433497537,15650.490234375,0.9929758544998432
met_437231_The_Adoration_of_the_Shepherds,fig_006,529.6869685129856,203.18260170075845,8702,485,102,590,303,0.00013473674893469862,0.7487684729064039,8190.9609375,0.9390944610434383
met_437231_The_Adoration_of_the_Shepherds,fig_007,529.7029159519725,203.27878787878788,8745,485,102,590,303,0.00013473674893469862,0.7487684729064039,8217.1845703125,0.9371069182389937
met_437231_The_Adoration_of_the_Shepherds,fig_008,529.9045226130653,203.38213796253999,8756,485,102,590,303,0.00031308019904595255,0.7487684729064039,8212.87109375,0.9353586112380082
